,Avg_Correlation,Avg_R2
VWO,0.4742148147820586,0.30648007908422736
TIP,0.4344308736203427,0.23604788670159987
VEA,0.4304509691521415,0.44615509283393234
VNQ,0.41621428501150176,0.3100834392309665
EFA,0.4140760584759722,0.4423310794680019
VTI,0.3653213606069395,0.4574462408433601
GLD,0.2735808461061454,0.2608470521471568
BND,0.16856335997964886,0.28220530288006984
GSG,0.028908771538173034,0.36020296131703156
IEF,-0.0140184891466574,0.34980182200193666
TLT,-0.11188633774644982,0.3839738735174219
